{
  "version": "v3",
  "phase": 4,
  "model_type": "BaggedLogisticEnsemble",
  "n_estimators": 25,
  "n_features": 38,
  "scaler_mean": [
    4.573058425170347,
    5.723913290140071,
    0.5695564516129032,
    0.23487903225806453,
    0.2903225806451613,
    0.059783720340235796,
    0.4753988356329445,
    0.23038065763498855,
    0.4291722402068379,
    0.41266944595888294,
    0.018634285727526727,
    0.09024095147247718,
    0.6788148151945272,
    0.003215936143901323,
    0.8258988855781186,
    0.8209675860505115,
    0.5695564516129032,
    0.15932796658340087,
    0.46287076260503385,
    0.11952158729574783,
    0.4576612903225806,
    0.07963709677419355,
    0.15490335637199185,
    0.07358870967741936,
    0.04683799505929767,
    0.3125,
    0.2127016129032258,
    0.22051986953160835,
    1.9308235260664863,
    0.33979812972396445,
    0.11088575094472797,
    0.1378172880048207,
    0.2455963168275881,
    0.14363761455083973,
    0.08577281252631123,
    0.15340352846113822,
    0.1812462214148446,
    0.0
  ],
  "scaler_std": [
    1.0651280857055085,
    1.1819505164263349,
    0.495138263557789,
    0.4239231917029064,
    0.45391120256355955,
    0.05639554194963615,
    0.33280974619615644,
    0.21171820986838666,
    0.09509930679632163,
    0.19177223989746753,
    0.014210133107935704,
    0.08288070813928006,
    0.31777256200031667,
    0.004042650156460545,
    0.7102174640147191,
    0.7142585115570906,
    0.495138263557789,
    0.16392365512712706,
    0.41557106172325936,
    0.13647839606781226,
    0.49820420879681077,
    0.27073054794680285,
    0.21086984268049985,
    0.2611003858393052,
    0.06389827325334617,
    0.46351240544347894,
    0.4092183240906882,
    0.321131588672501,
    0.6822111623995429,
    0.3007538898532373,
    0.08534111291573143,
    0.11614619283287238,
    0.2549188376136109,
    0.18018829815489862,
    0.13916402860895669,
    0.2043926717487708,
    0.22822688828814694,
    1.0
  ],
  "weights": [
    -0.14642441873351944,
    0.5030923161950868,
    0.09147593474467954,
    0.6896878448492507,
    0.02534344563340285,
    -0.3237911579129984,
    -0.14477181766364208,
    0.21622684341967477,
    0.037234742366413436,
    0.12161537039932206,
    0.13363936460403383,
    -0.4563903270805414,
    0.1048449087794223,
    -0.4603329491114688,
    -0.21026428352058799,
    -0.20894821151525927,
    0.08202078585115785,
    0.005876971371600672,
    0.19847451999742727,
    -0.2267979900730342,
    -0.046708473501895956,
    -0.27447783561285377,
    0.06468740830302576,
    -0.3713160954106866,
    -0.24671939632859485,
    0.44927444514997744,
    0.29416236118415473,
    0.39866529739911366,
    -0.32390741066815176,
    -0.34732315840056693,
    -0.1007289911429669,
    0.4625748475765984,
    0.8121753721502128,
    0.6861852403550563,
    0.1492896132807678,
    0.6686351926014038,
    0.46158767870061895,
    0.0
  ],
  "bias": 0.9094866876095737
}