{
  "benign_fpr_v3": 0.002320185614849188,
  "suspicious_tpr_v3": 0.5714285714285714,
  "synth_malware_tpr_v3": 1.0,
  "v2_v3_comparison": {
    "v2_accuracy": 0.8393866020984665,
    "v3_accuracy": 0.9959644874899112,
    "v2_fpr": 0.44547563805104406,
    "v3_fpr": 0.002320185614849188,
    "v2_tpr": 0.9913366336633663,
    "v3_tpr": 0.995049504950495
  }
}